Salinity 30,Salinity 15,Salinity 5
8522.666667,7071,1935.666667
13291.33333,3852.666667,7477.666667
11909.66667,11972.66667,2571.666667
